{
    "n": [
        10,
        11,
        12,
        13,
        14,
        15,
        16,
        17,
        18,
        19,
        20,
        21,
        22,
        23,
        24,
        25,
        26,
        27,
        28,
        29,
        30,
        31
    ],
    "Tempo (For\u00e7a Bruta)": {
        "10": 0.0,
        "11": 0.0,
        "12": 0.0,
        "13": 0.0,
        "14": 0.00020122528076171875,
        "15": 0.0,
        "16": 0.0,
        "17": 0.0,
        "18": 0.00020427703857421874,
        "19": 0.0,
        "20": 0.0,
        "21": 0.0,
        "22": 0.0,
        "23": 0.0,
        "24": 0.0,
        "25": 0.0,
        "26": 0.0,
        "27": 0.0,
        "28": 0.0,
        "29": 0.00020003318786621094,
        "30": 0.00019998550415039061,
        "31": 0.00010209083557128906
    },
    "Tempo (Divis\u00e3o e Conquista)": {
        "10": 0.00019998550415039061,
        "11": 0.0,
        "12": 0.0,
        "13": 0.0,
        "14": 0.0,
        "15": 0.00010309219360351562,
        "16": 0.00010228157043457031,
        "17": 0.0,
        "18": 0.0,
        "19": 0.0,
        "20": 0.00019860267639160156,
        "21": 0.0,
        "22": 0.0,
        "23": 0.0,
        "24": 0.0001998424530029297,
        "25": 0.00019998550415039061,
        "26": 0.000200653076171875,
        "27": 0.0001994609832763672,
        "28": 0.0,
        "29": 0.0,
        "30": 0.00010428428649902343,
        "31": 0.0
    },
    "Raz\u00e3o (For\u00e7a Bruta / Divis\u00e3o e Conquista)": [
        1.0,
        1.0,
        1.0,
        1.0,
        1.0,
        1.0,
        1.0,
        1.0,
        1.0,
        1.0,
        1.0,
        1.0,
        1.0,
        1.0,
        1.0,
        1.0,
        1.0,
        1.0,
        1.0,
        1.0,
        1.0,
        1.0
    ]
}